-- --------------------------------------------------------
-- 主机:                           42.51.33.240
-- 服务器版本:                        5.6.38-log - MySQL Community Server (GPL)
-- 服务器操作系统:                      Linux
-- HeidiSQL 版本:                  9.4.0.5143
-- --------------------------------------------------------

/*!40101 SET @OLD_CHARACTER_SET_CLIENT=@@CHARACTER_SET_CLIENT */;
/*!40101 SET NAMES utf8 */;
/*!50503 SET NAMES utf8mb4 */;
/*!40014 SET @OLD_FOREIGN_KEY_CHECKS=@@FOREIGN_KEY_CHECKS, FOREIGN_KEY_CHECKS=0 */;
/*!40101 SET @OLD_SQL_MODE=@@SQL_MODE, SQL_MODE='NO_AUTO_VALUE_ON_ZERO' */;

-- 正在导出表  xshop.sys_dept 的数据：~5 rows (大约)
/*!40000 ALTER TABLE `sys_dept` DISABLE KEYS */;
INSERT INTO `sys_dept` (`id_`, `unit_id`, `dept_name`, `parent_id`, `sort_no`, `leaf_`, `enable_`, `remark_`, `create_by`, `create_time`, `update_by`, `update_time`) VALUES
	(1, 1, '公司', 0, NULL, NULL, NULL, NULL, 1, '2017-01-28 23:21:28', 1, '2017-02-06 10:22:15'),
	(2, 1, '市场部', 1, 1, 1, 1, 't', 0, '2016-06-28 18:04:06', 1, '2017-02-06 10:24:52'),
	(3, 1, '财务部', 1, NULL, NULL, NULL, NULL, 1, '2017-03-03 15:03:57', 1, '2017-03-04 15:30:18'),
	(4, 1, '行政部', 1, NULL, NULL, NULL, NULL, 1, '2017-03-04 15:38:13', 1, '2017-03-04 15:38:13'),
	(5, 1, '技术部', 1, NULL, NULL, NULL, NULL, 1, '2017-03-06 18:37:45', 1, '2017-03-06 18:37:45'),
	(6, NULL, '客服部', 1, NULL, NULL, NULL, '', 2, '2017-12-29 13:59:10', 2, '2017-12-29 13:59:10');
/*!40000 ALTER TABLE `sys_dept` ENABLE KEYS */;

-- 正在导出表  xshop.sys_menu 的数据：~43 rows (大约)
/*!40000 ALTER TABLE `sys_menu` DISABLE KEYS */;
/*!40101 SET @OLD_CHARACTER_SET_CLIENT=@@CHARACTER_SET_CLIENT */;
/*!40101 SET NAMES utf8 */;
/*!50503 SET NAMES utf8mb4 */;
/*!40014 SET @OLD_FOREIGN_KEY_CHECKS=@@FOREIGN_KEY_CHECKS, FOREIGN_KEY_CHECKS=0 */;
/*!40101 SET @OLD_SQL_MODE=@@SQL_MODE, SQL_MODE='NO_AUTO_VALUE_ON_ZERO' */;

/*!40000 ALTER TABLE `sys_menu` DISABLE KEYS */;
INSERT INTO `sys_menu` (`id_`, `menu_name`, `menu_type`, `parent_id`, `iconcls_`, `request_`, `expand_`, `sort_no`, `is_show`, `permission_`, `remark_`, `enable_`, `create_by`, `create_time`, `update_by`, `update_time`) VALUES
	(1, '主控面板', 1, 0, 'fa fa-bar-chart', '/main/html/first.html', 0, 1, 1, 'main.index', NULL, 1, 1, '2016-06-20 09:16:56', 2, '2017-03-18 17:09:08'),
	(2, '系统管理', 1, 0, 'fa fa-cogs', '#', 0, 100, 1, 'sys', NULL, 1, 1, '2016-06-20 09:16:56', 1, '2016-06-29 08:19:19'),
	(3, '用户管理', 1, 2, 'fa fa-user-o', '/main/html/admin/user.html', 0, 1, 1, 'sys.base.user', NULL, 1, 1, '2016-06-20 09:16:56', 1, '2017-03-07 17:45:37'),
	(4, '部门管理', 1, 2, 'fa fa-sitemap', '/main/html/admin/department.html', 0, 2, 1, 'sys.base.dept', NULL, 1, 1, '2016-06-20 09:16:56', 1, '2017-10-12 13:55:43'),
	(5, '单位管理', 1, 2, 'fa fa-home', '/main/html/admin/unit.html', 0, 3, 0, 'sys.base.unit', NULL, 1, 1, '2016-06-20 09:16:56', 1, '2017-10-12 13:57:54'),
	(6, '角色管理', 1, 2, 'fa fa-graduation-cap', '/main/html/admin/role.html', 0, 4, 1, 'sys.base.role', NULL, 1, 1, '2016-06-20 09:16:56', 2, '2017-12-22 17:47:23'),
	(7, '菜单管理', 1, 2, 'fa fa-dedent', '/main/html/admin/menu.html', 0, 5, 1, 'sys.base.menu', NULL, 1, 1, '2016-06-20 09:16:56', 1, '2017-10-12 19:20:28'),
	(8, '会话管理', 1, 2, NULL, '/main/html/admin/session.html', 0, 6, 0, 'sys.base.session', NULL, 1, 1, '2016-06-20 09:16:56', 1, '2017-02-02 21:46:03'),
	(9, '权限管理', 1, 2, 'fa fa-lock', '/main/html/admin/authorize.html', 0, 7, 1, 'sys.permisson', NULL, 1, 1, '2016-06-20 09:16:56', 2, '2017-12-22 17:48:38'),
	(10, '用户角色', 1, 9, NULL, '#', 0, 1, 1, 'sys.permisson.userRole', NULL, 1, 1, '2016-06-20 09:16:56', 2, '2017-12-22 17:49:07'),
	(11, '角色菜单', 1, 9, NULL, '#', 0, 2, 1, 'sys.permisson.roleMenu', NULL, 1, 1, '2016-06-20 09:16:56', 2, '2017-12-22 17:49:14'),
	(12, '角色权限', 1, 9, NULL, '#', 0, 3, 1, 'sys.permisson.role', NULL, 1, 1, '2016-06-20 09:16:56', 2, '2017-12-22 17:49:20'),
	(13, '清除缓存', 1, 0, NULL, '#', 0, 5, 0, 'sys.cache', NULL, 1, 1, '2017-10-14 20:26:19', 2, '2017-10-25 19:28:35'),
	(17, '配置管理', 1, 2, 'fa fa-gear', '/main/html/admin/config.html', 0, 8, 1, 'sys.base.dic', NULL, 1, 1, '2016-06-20 09:16:56', 2, '2017-12-22 17:49:33'),
	(18, '字典管理', 1, 17, NULL, '#', 0, 1, 0, 'sys.base.dic', NULL, 1, 1, '2016-06-20 09:16:56', 1, '2017-10-12 18:54:37'),
	(19, '系统参数', 1, 17, NULL, '#', 0, 1, 0, 'sys.base.param', NULL, 1, 1, '2016-06-20 09:16:56', 1, '2017-10-12 19:25:48'),
	(20, '调度管理', 1, 17, NULL, '#', 0, 1, 0, 'sys.task.scheduled', NULL, 1, 1, '2016-06-20 09:16:56', 1, '2017-10-12 14:05:54'),
	(21, '短信设置', 1, 17, NULL, '#', 0, 1, 0, 'msg.config', NULL, 1, 1, '2017-03-07 17:36:26', 1, '2017-10-12 19:26:22'),
	(22, '邮件设置', 1, 17, NULL, '#', 0, 1, 0, 'email.config', NULL, 1, 1, '2017-03-07 17:36:26', 1, '2017-10-12 19:26:22'),
	(23, '邮件模版', 1, 17, NULL, '#', 0, 1, 0, 'email.template', NULL, 1, 1, '2017-03-07 17:36:26', 1, '2017-10-12 19:26:22'),
	(24, '日志管理', 1, 2, 'fa fa-files-o', '/main/html/admin/log.html', 0, 9, 1, 'msg.config', NULL, 1, 1, '2017-03-07 17:36:26', 2, '2017-10-25 19:20:44'),
	(25, '操作日志', 1, 22, NULL, '#', 0, 1, 0, 'sys.base.event', NULL, 1, 1, '2016-06-20 09:16:56', 1, '2016-06-20 09:16:56'),
	(26, '调度日志', 1, 22, NULL, '#', 0, 2, 0, 'sys.task.log', NULL, 1, 1, '2016-06-20 09:16:56', 1, '2016-06-20 09:16:56'),
	(27, '邮件日志', 1, 22, NULL, '#', 0, 2, 0, 'sys.email.log', NULL, 1, 1, '2016-06-20 09:16:56', 1, '2016-06-20 09:16:56'),
	(28, 'APP版本管理', 1, 2, 'fa fa-vimeo', '/main/html/biz/appVersion.html', 0, 10, 1, 'appVersion', NULL, 1, 1, '2016-06-20 09:16:56', 2, '2017-10-25 19:24:42'),
	(30, '公共管理', 1, 0, 'fa fa-files-o', '#', 0, 50, 1, 'cms', NULL, 1, 1, '2016-06-20 09:16:56', 2, '2017-10-25 19:38:43'),
	(31, '文章管理', 1, 30, 'fa fa-file-text', '/main/html/biz/article.html', 0, 1, 1, 'cms.article', NULL, 1, 1, '2016-06-20 09:16:56', 2, '2017-10-25 19:22:39'),
	(32, '新闻中心', 1, 30, 'fa fa-newspaper-o', '/main/html/biz/news.html', 0, 2, 1, 'cms.news', NULL, 1, 1, '2016-06-20 09:16:56', 2, '2017-10-25 19:24:42'),
	(33, '反馈管理', 1, 30, 'fa fa-volume-control-phone', '/main/html/biz/feedback.html', 0, 3, 1, 'cms.feedback', NULL, 1, 1, '2016-06-20 09:16:56', 2, '2017-10-25 19:24:42'),
	(40, '会员管理', 2, 0, 'fa fa-user-circle', '/main/html/biz/member.html', 0, 3, 1, 'member', NULL, 1, 1, '2017-10-14 20:25:06', 1, '2017-10-14 20:30:15'),
	(50, '商家管理', 2, 0, 'fa fa-group', '#', 0, 5, 1, '#', NULL, 1, 1, '2017-10-14 20:26:19', 1, '2018-03-18 12:04:04'),
	(51, '商家管理', 2, 50, 'fa fa-user-circle-o', '/main/html/biz/seller.html', 0, 1, 1, 'seller', NULL, 1, 1, '2017-10-14 20:26:19', 1, '2018-03-18 12:04:42'),
	(52, '店铺管理', 2, 50, 'fa fa-institution', '/main/html/biz/store.html', 0, 2, 1, 'store', NULL, 1, 1, '2017-10-14 20:26:19', 1, '2018-03-18 12:12:34'),
	(104, '积分管理', 2, 0, 'fa fa-star', '/main/html/biz/memberPoint.html', 0, 17, 1, 'member.point', NULL, 1, 1, '2017-10-14 20:51:37', 1, '2018-03-18 12:18:51');
/*!40000 ALTER TABLE `sys_menu` ENABLE KEYS */;

-- 正在导出表  xshop.sys_msg_config 的数据：~0 rows (大约)
/*!40000 ALTER TABLE `sys_msg_config` DISABLE KEYS */;
INSERT INTO `sys_msg_config` (`id_`, `sms_plat_url`, `sms_plat_account`, `sms_plat_password`, `send_phone`, `sender_name`, `order_is_send`, `pay_is_send`, `send_goods_is_send`, `regist_is_send`, `advice_goods_is_send`, `enable_`, `remark_`, `create_by`, `create_time`, `update_by`, `update_time`) VALUES
	(1, 'dysmsapi.aliyuncs.com', 'LTAI2zmasI9vwXOY', '81l25JlrpU9F8BqHoUbgc6T7ctHsoI', NULL, '嘿嘿车网络科技有限公司', NULL, NULL, NULL, NULL, NULL, NULL, NULL, NULL, NULL, NULL, NULL);
/*!40000 ALTER TABLE `sys_msg_config` ENABLE KEYS */;

-- 正在导出表  xshop.sys_param 的数据：~32 rows (大约)
/*!40000 ALTER TABLE `sys_param` DISABLE KEYS */;
INSERT INTO `sys_param` (`id_`, `param_key`, `param_value`, `remark_`, `enable_`, `create_by`, `create_time`, `update_by`, `update_time`) VALUES
	(2, 'SMS_TYPE_1', 'SMS_95645338', '用户注册验证码', 1, 2, '2017-03-16 13:46:36', 2, '2017-03-16 13:46:36'),
	(3, 'SMS_TYPE_2', 'SMS_95645340', '登录确认验证码', 1, 2, '2017-03-16 14:43:19', 2, '2017-03-16 14:43:19'),
	(4, 'SMS_TYPE_3', 'SMS_95645337', '修改密码验证码', 1, 2, '2017-03-16 14:43:51', 2, '2017-03-16 14:43:51'),
	(5, 'SMS_TYPE_4', 'SMS_95645342', '身份验证验证码', 1, 2, '2017-03-16 14:44:46', 2, '2017-03-16 14:44:46'),
	(6, 'SMS_TYPE_5', 'SMS_95645336', '信息变更验证码', 1, 2, '2017-03-16 14:45:11', 2, '2017-03-16 14:45:11'),
	(7, 'SMS_TYPE_6', 'SMS_52515203', '活动确认验证码', 1, 2, '2017-03-16 14:47:26', 2, '2017-03-16 14:47:26'),
	(8, 'LOGIN_DAILY_TIMES', '50', '一个手机号每天允许登录次数', 1, 2, '2017-03-18 11:16:07', 12, '2018-01-08 10:53:34'),
	(9, 'LOGIN_LIMIT_MSG', '您今天登录的次数已达到最大限制。', '登录超过允许次数错误信息', 1, 2, '2017-03-18 11:17:00', 2, '2017-06-24 13:18:50'),
	(10, 'APP-KEY', '425ca95e65c781a783bcef49', '极光推送APP-KEY', 1, 2, '2017-06-01 13:21:04', 2, '2017-06-01 14:06:49'),
	(11, 'APP-SECRET', '9867a057e7bfd0ea430a09d0', '极光推送APP-SECRET', 1, 2, '2017-06-01 14:06:37', 1, '2017-06-06 11:58:45'),
	(13, 'ODR-PAY-MSG', '订单ODR，您于DATE购买INFO。', '支付提醒信息', 1, 2, '2017-06-20 18:30:32', 2, '2017-06-20 18:33:45'),
	(14, 'WX-PAY-CALLBACK', 'https://admin.heiche.me/app/order/wxPayReturn.api', '微信支付回调地址', 1, 2, '2017-07-04 18:28:53', 1, '2017-12-23 12:07:10'),
	(15, 'ALI-PAY-CALLBACK', 'https://admin.heiche.me/app/order/aliPayReturn.api', '支付宝回调地址', 1, 2, '2017-07-28 17:47:15', 1, '2017-12-23 12:07:00'),
	(16, 'TTS_TYPE_1', 'TTS_103590138', '用户注册验证码', 1, 2, '2017-11-06 21:27:03', 2, '2017-11-06 21:27:03'),
	(17, 'TTS_TYPE_2', 'TTS_103590140', '登录确认验证码', 1, 2, '2017-11-06 21:27:58', 2, '2017-11-06 21:27:58'),
	(18, 'TTS_TYPE_3', 'TTS_103590136', '修改密码验证码', 1, 2, '2017-11-06 21:28:36', 2, '2017-11-06 21:28:36'),
	(19, 'TTS_TYPE_4', 'TTS_103590141', '身份验证验证码', 1, 2, '2017-11-06 21:29:06', 2, '2017-11-06 21:29:06'),
	(20, 'TTS_TYPE_5', 'TTS_103590135', '信息变更验证码', 1, 2, '2017-11-06 21:29:37', 2, '2017-11-06 21:29:37'),
	(21, 'TTS_TYPE_6', 'TTS_103590137', '活动确认验证码', 1, 2, '2017-11-06 21:30:00', 2, '2017-11-06 21:30:00'),
	(22, 'TTS_CALL_NUMBER', '02985799052', '语音API服务被叫显号', 1, 2, '2017-11-06 21:45:12', 2, '2017-11-06 21:49:35'),
	(23, 'BICYCLE_BEARBY', '0.02', '获取附近单车的范围', 1, 2, '2017-11-17 16:21:32', 2, '2017-12-22 10:01:42'),
	(24, 'WX-PAY-WAP-URL', 'pay.zhibeiwu.com', '微信支付WAP网站地址', 1, 2, '2017-11-25 21:38:37', 1, '2017-12-23 12:06:24'),
	(25, 'WX-PAY-WAP-NAME', '嘿车出行', '微信支付WAP网站名', 1, 2, '2017-11-25 21:39:12', 2, '2017-11-25 21:39:12'),
	(31, 'isv.BUSINESS_LIMIT_CONTROL', '您登录次数过多，请一分钟后或明天重试', '登录短信限流', 1, 2, '2017-12-11 15:25:16', 2, '2017-12-11 15:25:30'),
	(33, 'ORDER-REFUND-FEE-1', '1', '微信退款手续费', 1, 2, '2017-12-16 15:56:16', 1, '2017-12-30 17:56:16'),
	(34, 'ORDER-REFUND-FEE-2', '0', '支付宝退款手续费', 1, 2, '2017-12-16 15:56:33', 1, '2017-12-30 17:48:24');
/*!40000 ALTER TABLE `sys_param` ENABLE KEYS */;

-- 正在导出表  xshop.sys_role 的数据：~4 rows (大约)
/*!40000 ALTER TABLE `sys_role` DISABLE KEYS */;
INSERT INTO `sys_role` (`id_`, `role_name`, `dept_id`, `role_type`, `enable_`, `remark_`, `create_by`, `create_time`, `update_by`, `update_time`) VALUES
	(1, '管理员', 1, 1, 1, 'e', 1, '2016-06-20 09:16:56', 1, '2017-03-04 16:23:12'),
	(2, '会计', 4, 1, 1, NULL, 1, '2017-03-03 15:35:32', 1, '2017-03-07 11:49:23'),
	(3, '测试人员', 5, 1, 1, NULL, 2, '2017-05-27 18:42:39', 2, '2017-05-28 11:58:34'),
	(5, '客服', 6, 1, 1, '', 1, '2017-12-29 14:20:46', 1, '2017-12-29 14:20:46'),
	(6, '开发人员', 5, 1, 1, '', 2, '2018-01-06 16:07:39', 2, '2018-01-06 16:07:39');
/*!40000 ALTER TABLE `sys_role` ENABLE KEYS */;

-- 正在导出表  xshop.sys_role_menu 的数据：~200 rows (大约)
/*!40000 ALTER TABLE `sys_role_menu` DISABLE KEYS */;
INSERT INTO `sys_role_menu` (`role_id`, `menu_id`, `permission_`, `enable_`, `remark_`, `create_by`, `create_time`, `update_by`, `update_time`) VALUES 
(1, 1, 'read', 1, NULL, 1, '2018-03-18 13:18:24', 1, '2018-03-18 13:18:24'),
(1, 40, 'read', 1, NULL, 1, '2018-03-18 13:18:24', 1, '2018-03-18 13:18:24'),
(1, 50, 'read', 1, NULL, 1, '2018-03-18 13:18:24', 1, '2018-03-18 13:18:24'),
(1, 51, 'read', 1, NULL, 1, '2018-03-18 13:18:24', 1, '2018-03-18 13:18:24'),
(1, 52, 'read', 1, NULL, 1, '2018-03-18 13:18:24', 1, '2018-03-18 13:18:24'),
(1, 62, 'read', 1, NULL, 1, '2018-03-18 13:18:24', 1, '2018-03-18 13:18:24'),
(1, 63, 'read', 1, NULL, 1, '2018-03-18 13:18:24', 1, '2018-03-18 13:18:24'),
(1, 64, 'read', 1, NULL, 1, '2018-03-18 13:18:24', 1, '2018-03-18 13:18:24'),
(1, 65, 'read', 1, NULL, 1, '2018-03-18 13:18:24', 1, '2018-03-18 13:18:24'),
(1, 66, 'read', 1, NULL, 1, '2018-03-18 13:18:24', 1, '2018-03-18 13:18:24'),
(1, 68, 'read', 1, NULL, 1, '2018-03-18 13:18:24', 1, '2018-03-18 13:18:24'),
(1, 69, 'read', 1, NULL, 1, '2018-03-18 13:18:24', 1, '2018-03-18 13:18:24'),
(1, 99, 'read', 1, NULL, 1, '2018-03-18 13:18:24', 1, '2018-03-18 13:18:24'),
(1, 100, 'read', 1, NULL, 1, '2018-03-18 13:18:24', 1, '2018-03-18 13:18:24'),
(1, 101, 'read', 1, NULL, 1, '2018-03-18 13:18:24', 1, '2018-03-18 13:18:24'),
(1, 102, 'read', 1, NULL, 1, '2018-03-18 13:18:24', 1, '2018-03-18 13:18:24'),
(1, 103, 'read', 1, NULL, 1, '2018-03-18 13:18:24', 1, '2018-03-18 13:18:24'),
(1, 104, 'read', 1, NULL, 1, '2018-03-18 13:18:24', 1, '2018-03-18 13:18:24'),
(1, 30, 'read', 1, NULL, 1, '2018-03-18 13:18:24', 1, '2018-03-18 13:18:24'),
(1, 31, 'read', 1, NULL, 1, '2018-03-18 13:18:24', 1, '2018-03-18 13:18:24'),
(1, 32, 'read', 1, NULL, 1, '2018-03-18 13:18:24', 1, '2018-03-18 13:18:24'),
(1, 33, 'read', 1, NULL, 1, '2018-03-18 13:18:24', 1, '2018-03-18 13:18:24'),
(1, 2, 'read', 1, NULL, 1, '2018-03-18 13:18:24', 1, '2018-03-18 13:18:24'),
(1, 3, 'read', 1, NULL, 1, '2018-03-18 13:18:24', 1, '2018-03-18 13:18:24'),
(1, 4, 'read', 1, NULL, 1, '2018-03-18 13:18:24', 1, '2018-03-18 13:18:24'),
(1, 5, 'read', 1, NULL, 1, '2018-03-18 13:18:24', 1, '2018-03-18 13:18:24'),
(1, 6, 'read', 1, NULL, 1, '2018-03-18 13:18:24', 1, '2018-03-18 13:18:24'),
(1, 7, 'read', 1, NULL, 1, '2018-03-18 13:18:24', 1, '2018-03-18 13:18:24'),
(1, 8, 'read', 1, NULL, 1, '2018-03-18 13:18:24', 1, '2018-03-18 13:18:24'),
(1, 9, 'read', 1, NULL, 1, '2018-03-18 13:18:24', 1, '2018-03-18 13:18:24'),
(1, 10, 'read', 1, NULL, 1, '2018-03-18 13:18:24', 1, '2018-03-18 13:18:24'),
(1, 11, 'read', 1, NULL, 1, '2018-03-18 13:18:24', 1, '2018-03-18 13:18:24'),
(1, 12, 'read', 1, NULL, 1, '2018-03-18 13:18:24', 1, '2018-03-18 13:18:24'),
(1, 17, 'read', 1, NULL, 1, '2018-03-18 13:18:24', 1, '2018-03-18 13:18:24'),
(1, 18, 'read', 1, NULL, 1, '2018-03-18 13:18:24', 1, '2018-03-18 13:18:24'),
(1, 21, 'read', 1, NULL, 1, '2018-03-18 13:18:24', 1, '2018-03-18 13:18:24'),
(1, 19, 'read', 1, NULL, 1, '2018-03-18 13:18:24', 1, '2018-03-18 13:18:24'),
(1, 20, 'read', 1, NULL, 1, '2018-03-18 13:18:24', 1, '2018-03-18 13:18:24'),
(1, 22, 'read', 1, NULL, 1, '2018-03-18 13:18:24', 1, '2018-03-18 13:18:24'),
(1, 25, 'read', 1, NULL, 1, '2018-03-18 13:18:24', 1, '2018-03-18 13:18:24'),
(1, 26, 'read', 1, NULL, 1, '2018-03-18 13:18:24', 1, '2018-03-18 13:18:24'),
(1, 27, 'read', 1, NULL, 1, '2018-03-18 13:18:24', 1, '2018-03-18 13:18:24'),
(1, 23, 'read', 1, NULL, 1, '2018-03-18 13:18:24', 1, '2018-03-18 13:18:24'),
(1, 24, 'read', 1, NULL, 1, '2018-03-18 13:18:24', 1, '2018-03-18 13:18:24'),
(1, 28, 'read', 1, NULL, 1, '2018-03-18 13:18:24', 1, '2018-03-18 13:18:24'),
(1, 40, 'delete', 1, NULL, 1, '2018-03-18 13:59:26', 1, '2018-03-18 13:59:26'),
(1, 40, 'update', 1, NULL, 1, '2018-03-18 13:59:26', 1, '2018-03-18 13:59:26'),
(1, 51, 'delete', 1, NULL, 1, '2018-03-18 13:59:26', 1, '2018-03-18 13:59:26'),
(1, 51, 'update', 1, NULL, 1, '2018-03-18 13:59:26', 1, '2018-03-18 13:59:26'),
(1, 52, 'delete', 1, NULL, 1, '2018-03-18 13:59:26', 1, '2018-03-18 13:59:26'),
(1, 52, 'update', 1, NULL, 1, '2018-03-18 13:59:26', 1, '2018-03-18 13:59:26'),
(1, 63, 'delete', 1, NULL, 1, '2018-03-18 13:59:26', 1, '2018-03-18 13:59:26'),
(1, 63, 'update', 1, NULL, 1, '2018-03-18 13:59:26', 1, '2018-03-18 13:59:26'),
(1, 64, 'delete', 1, NULL, 1, '2018-03-18 13:59:26', 1, '2018-03-18 13:59:26'),
(1, 64, 'update', 1, NULL, 1, '2018-03-18 13:59:26', 1, '2018-03-18 13:59:26'),
(1, 65, 'delete', 1, NULL, 1, '2018-03-18 13:59:26', 1, '2018-03-18 13:59:26'),
(1, 65, 'update', 1, NULL, 1, '2018-03-18 13:59:26', 1, '2018-03-18 13:59:26'),
(1, 66, 'delete', 1, NULL, 1, '2018-03-18 13:59:26', 1, '2018-03-18 13:59:26'),
(1, 66, 'update', 1, NULL, 1, '2018-03-18 13:59:26', 1, '2018-03-18 13:59:26'),
(1, 68, 'delete', 1, NULL, 1, '2018-03-18 13:59:26', 1, '2018-03-18 13:59:26'),
(1, 68, 'update', 1, NULL, 1, '2018-03-18 13:59:26', 1, '2018-03-18 13:59:26'),
(1, 69, 'delete', 1, NULL, 1, '2018-03-18 13:59:26', 1, '2018-03-18 13:59:26'),
(1, 69, 'update', 1, NULL, 1, '2018-03-18 13:59:26', 1, '2018-03-18 13:59:26'),
(1, 100, 'delete', 1, NULL, 1, '2018-03-18 13:59:26', 1, '2018-03-18 13:59:26'),
(1, 100, 'update', 1, NULL, 1, '2018-03-18 13:59:26', 1, '2018-03-18 13:59:26'),
(1, 101, 'delete', 1, NULL, 1, '2018-03-18 13:59:26', 1, '2018-03-18 13:59:26'),
(1, 101, 'update', 1, NULL, 1, '2018-03-18 13:59:26', 1, '2018-03-18 13:59:26'),
(1, 102, 'delete', 1, NULL, 1, '2018-03-18 13:59:26', 1, '2018-03-18 13:59:26'),
(1, 102, 'update', 1, NULL, 1, '2018-03-18 13:59:26', 1, '2018-03-18 13:59:26'),
(1, 103, 'delete', 1, NULL, 1, '2018-03-18 13:59:26', 1, '2018-03-18 13:59:26'),
(1, 103, 'update', 1, NULL, 1, '2018-03-18 13:59:26', 1, '2018-03-18 13:59:26'),
(1, 104, 'delete', 1, NULL, 1, '2018-03-18 13:59:26', 1, '2018-03-18 13:59:26'),
(1, 104, 'update', 1, NULL, 1, '2018-03-18 13:59:26', 1, '2018-03-18 13:59:26'),
(1, 31, 'delete', 1, NULL, 1, '2018-03-18 13:59:26', 1, '2018-03-18 13:59:26'),
(1, 31, 'update', 1, NULL, 1, '2018-03-18 13:59:26', 1, '2018-03-18 13:59:26'),
(1, 32, 'delete', 1, NULL, 1, '2018-03-18 13:59:26', 1, '2018-03-18 13:59:26'),
(1, 32, 'update', 1, NULL, 1, '2018-03-18 13:59:26', 1, '2018-03-18 13:59:26'),
(1, 33, 'delete', 1, NULL, 1, '2018-03-18 13:59:26', 1, '2018-03-18 13:59:26'),
(1, 33, 'update', 1, NULL, 1, '2018-03-18 13:59:26', 1, '2018-03-18 13:59:26'),
(1, 3, 'delete', 1, NULL, 1, '2018-03-18 13:59:26', 1, '2018-03-18 13:59:26'),
(1, 3, 'update', 1, NULL, 1, '2018-03-18 13:59:26', 1, '2018-03-18 13:59:26'),
(1, 4, 'delete', 1, NULL, 1, '2018-03-18 13:59:26', 1, '2018-03-18 13:59:26'),
(1, 4, 'update', 1, NULL, 1, '2018-03-18 13:59:26', 1, '2018-03-18 13:59:26'),
(1, 5, 'delete', 1, NULL, 1, '2018-03-18 13:59:26', 1, '2018-03-18 13:59:26'),
(1, 5, 'update', 1, NULL, 1, '2018-03-18 13:59:26', 1, '2018-03-18 13:59:26'),
(1, 6, 'delete', 1, NULL, 1, '2018-03-18 13:59:26', 1, '2018-03-18 13:59:26'),
(1, 6, 'update', 1, NULL, 1, '2018-03-18 13:59:26', 1, '2018-03-18 13:59:26'),
(1, 7, 'delete', 1, NULL, 1, '2018-03-18 13:59:26', 1, '2018-03-18 13:59:26'),
(1, 7, 'update', 1, NULL, 1, '2018-03-18 13:59:26', 1, '2018-03-18 13:59:26'),
(1, 8, 'delete', 1, NULL, 1, '2018-03-18 13:59:26', 1, '2018-03-18 13:59:26'),
(1, 8, 'update', 1, NULL, 1, '2018-03-18 13:59:26', 1, '2018-03-18 13:59:26'),
(1, 10, 'delete', 1, NULL, 1, '2018-03-18 13:59:26', 1, '2018-03-18 13:59:26'),
(1, 10, 'update', 1, NULL, 1, '2018-03-18 13:59:26', 1, '2018-03-18 13:59:26'),
(1, 11, 'delete', 1, NULL, 1, '2018-03-18 13:59:26', 1, '2018-03-18 13:59:26'),
(1, 11, 'update', 1, NULL, 1, '2018-03-18 13:59:26', 1, '2018-03-18 13:59:26'),
(1, 12, 'delete', 1, NULL, 1, '2018-03-18 13:59:26', 1, '2018-03-18 13:59:26'),
(1, 12, 'update', 1, NULL, 1, '2018-03-18 13:59:26', 1, '2018-03-18 13:59:26'),
(1, 13, 'update', 1, NULL, 1, '2018-03-18 13:59:26', 1, '2018-03-18 13:59:26'),
(1, 18, 'delete', 1, NULL, 1, '2018-03-18 13:59:26', 1, '2018-03-18 13:59:26'),
(1, 18, 'update', 1, NULL, 1, '2018-03-18 13:59:26', 1, '2018-03-18 13:59:26'),
(1, 21, 'delete', 1, NULL, 1, '2018-03-18 13:59:26', 1, '2018-03-18 13:59:26'),
(1, 21, 'update', 1, NULL, 1, '2018-03-18 13:59:26', 1, '2018-03-18 13:59:26'),
(1, 19, 'delete', 1, NULL, 1, '2018-03-18 13:59:26', 1, '2018-03-18 13:59:26'),
(1, 19, 'update', 1, NULL, 1, '2018-03-18 13:59:26', 1, '2018-03-18 13:59:26'),
(1, 20, 'close', 1, NULL, 1, '2018-03-18 13:59:26', 1, '2018-03-18 13:59:26'),
(1, 20, 'delete', 1, NULL, 1, '2018-03-18 13:59:26', 1, '2018-03-18 13:59:26'),
(1, 20, 'open', 1, NULL, 1, '2018-03-18 13:59:26', 1, '2018-03-18 13:59:26'),
(1, 20, 'run', 1, NULL, 1, '2018-03-18 13:59:26', 1, '2018-03-18 13:59:26'),
(1, 20, 'update', 1, NULL, 1, '2018-03-18 13:59:26', 1, '2018-03-18 13:59:26'),
(1, 25, 'delete', 1, NULL, 1, '2018-03-18 13:59:26', 1, '2018-03-18 13:59:26'),
(1, 25, 'update', 1, NULL, 1, '2018-03-18 13:59:26', 1, '2018-03-18 13:59:26'),
(1, 26, 'delete', 1, NULL, 1, '2018-03-18 13:59:26', 1, '2018-03-18 13:59:26'),
(1, 26, 'update', 1, NULL, 1, '2018-03-18 13:59:26', 1, '2018-03-18 13:59:26'),
(1, 27, 'delete', 1, NULL, 1, '2018-03-18 13:59:26', 1, '2018-03-18 13:59:26'),
(1, 27, 'update', 1, NULL, 1, '2018-03-18 13:59:26', 1, '2018-03-18 13:59:26'),
(1, 23, 'delete', 1, NULL, 1, '2018-03-18 13:59:26', 1, '2018-03-18 13:59:26'),
(1, 23, 'update', 1, NULL, 1, '2018-03-18 13:59:26', 1, '2018-03-18 13:59:26'),
(1, 24, 'delete', 1, NULL, 1, '2018-03-18 13:59:26', 1, '2018-03-18 13:59:26'),
(1, 24, 'update', 1, NULL, 1, '2018-03-18 13:59:26', 1, '2018-03-18 13:59:26'),
(1, 28, 'delete', 1, NULL, 1, '2018-03-18 13:59:26', 1, '2018-03-18 13:59:26'),
(1, 28, 'update', 1, NULL, 1, '2018-03-18 13:59:26', 1, '2018-03-18 13:59:26');
/*!40000 ALTER TABLE `sys_role_menu` ENABLE KEYS */;

-- 正在导出表  xshop.sys_unit 的数据：~0 rows (大约)
/*!40000 ALTER TABLE `sys_unit` DISABLE KEYS */;
INSERT INTO `sys_unit` (`id_`, `unit_name`, `principal_`, `phone_`, `address_`, `sort_`, `enable_`, `remark_`, `create_time`, `create_by`, `update_time`, `update_by`) VALUES
	(1, '软件工程', '经理', '13945678911', '中国', 1, NULL, 'rr', '2017-01-12 00:00:00', 1, '2017-03-04 16:22:51', 1);
/*!40000 ALTER TABLE `sys_unit` ENABLE KEYS */;

-- 正在导出表  xshop.sys_user 的数据：~5 rows (大约)
/*!40000 ALTER TABLE `sys_user` DISABLE KEYS */;
INSERT INTO `sys_user` (`id_`, `account_`, `password_`, `user_type`, `user_name`, `name_pinyin`, `sex_`, `avatar_`, `phone_`, `email_`, `id_card`, `wei_xin`, `wei_bo`, `qq_`, `birth_day`, `dept_id`, `position_`, `address_`, `staff_no`, `scanner_id`, `enable_`, `remark_`, `create_time`, `create_by`, `update_time`, `update_by`) VALUES
	(1, 'admin', 'zjSjyheD1anmLFAg3TuRA7==', '3', 'admin', 'admin', 1, 'http://118.190.43.148/group1/M00/00/00/dr4rlFjNBguAfJl7AAcOE67NTFk744.png', '15333821711', 'gs@heiche.me', NULL, NULL, NULL, NULL, '2017-01-27', 1, '213', '', NULL, NULL, 1, '1', '2016-05-06 10:06:52', 1, '2017-12-30 12:21:41', 1),
	(2, 'test', 'zjSjyheD1anmLFAg3TuRA7==', '1', 'test', '', 1, 'http://42.51.33.240/group1/M00/00/04/KjMh8FpB7D2AOCiNAAS02V_XEDM292.png', '13512345678', '123@163.com', NULL, NULL, NULL, NULL, '2017-02-01', 1, '测试', '', NULL, NULL, 1, '1', '2016-05-13 16:58:17', 1, '2017-12-26 14:29:18', 2);
/*!40000 ALTER TABLE `sys_user` ENABLE KEYS */;

-- 正在导出表  xshop.sys_user_role 的数据：~7 rows (大约)
/*!40000 ALTER TABLE `sys_user_role` DISABLE KEYS */;
INSERT INTO `sys_user_role` (`id_`, `user_id`, `role_id`, `enable_`, `remark_`, `create_by`, `create_time`, `update_by`, `update_time`) VALUES
	(1, 1, 1, 1, NULL, NULL, NULL, NULL, NULL),
	(2, 2, 1, 1, NULL, NULL, NULL, NULL, NULL);
/*!40000 ALTER TABLE `sys_user_role` ENABLE KEYS */;

/*!40101 SET SQL_MODE=IFNULL(@OLD_SQL_MODE, '') */;
/*!40014 SET FOREIGN_KEY_CHECKS=IF(@OLD_FOREIGN_KEY_CHECKS IS NULL, 1, @OLD_FOREIGN_KEY_CHECKS) */;
/*!40101 SET CHARACTER_SET_CLIENT=@OLD_CHARACTER_SET_CLIENT */;
